Data set,"Top 500 authors, by Scholarly Output"
Entity,"Australia"
Year range,2012 to 2021
Subject classification,"FOR"
Filtered by,"Built Environment And Design"
Types of publications included,all publication types
Self-citations,included

Data source,Scopus
Date last updated,22 June 2022
Date exported,4 July 2022

Name,Scholarly Output,Most recent publication,Citations,Citations per Publication,Field-Weighted Citation Impact,h-index,Scopus author ID,Scopus author profile
"Skitmore, Martin",173,2021,4865,28.1,1.92,58.0,7003387239,https://www.scopus.com/authid/detail.url?authorId=7003387239
"Arulrajah, Arul",124,2021,4563,36.8,2.18,56.0,55912844600,https://www.scopus.com/authid/detail.url?authorId=55912844600
"Zuo, Jian",118,2021,3186,27.0,2.33,58.0,23020460400,https://www.scopus.com/authid/detail.url?authorId=23020460400
"Sanjayan, Jay G.",118,2021,5168,43.8,3.22,69.0,56094890900,https://www.scopus.com/authid/detail.url?authorId=56094890900
"Tam, Vivian W.Y.",98,2021,2678,27.3,2.12,63.0,7005091994,https://www.scopus.com/authid/detail.url?authorId=7005091994
"Love, Peter E.D.",97,2021,3619,37.3,2.38,79.0,57205302607,https://www.scopus.com/authid/detail.url?authorId=57205302607
"Aslani, Farhad",91,2021,2189,24.1,2.20,36.0,35788787900,https://www.scopus.com/authid/detail.url?authorId=35788787900
"Yigitcanlar, Tan",87,2021,2761,31.7,4.43,50.0,6505536041,https://www.scopus.com/authid/detail.url?authorId=6505536041
"Wang, Xiangyu",87,2021,4273,49.1,3.53,56.0,8945580300,https://www.scopus.com/authid/detail.url?authorId=8945580300
"Chileshe, Nicholas",84,2021,1572,18.7,2.02,28.0,12808688300,https://www.scopus.com/authid/detail.url?authorId=12808688300
"Hosseini, M. Reza",83,2021,2401,28.9,3.10,33.0,57193617746,https://www.scopus.com/authid/detail.url?authorId=57193617746
"Hadi, Muhammad N.S.",81,2021,2431,30.0,1.76,40.0,56603026300,https://www.scopus.com/authid/detail.url?authorId=56603026300
"Xia, Bo",75,2021,1621,21.6,1.83,31.0,35604946500,https://www.scopus.com/authid/detail.url?authorId=35604946500
"Uddin Ahmed Shaikh, Faiz",71,2021,3027,42.6,2.04,45.0,56962729700,https://www.scopus.com/authid/detail.url?authorId=56962729700
"de Dear, Richard",71,2021,3890,54.8,3.78,53.0,57509153500,https://www.scopus.com/authid/detail.url?authorId=57509153500
"Loosemore, Martin",67,2021,1344,20.1,1.74,30.0,6701918491,https://www.scopus.com/authid/detail.url?authorId=6701918491
"Mendis, Priyan",67,2021,1381,20.6,1.35,42.0,7003700296,https://www.scopus.com/authid/detail.url?authorId=7003700296
"Setunge, Sujeeva",62,2021,1565,25.2,1.76,31.0,6602559307,https://www.scopus.com/authid/detail.url?authorId=6602559307
"Hao, Hong",60,2021,2119,35.3,2.01,72.0,56207059000,https://www.scopus.com/authid/detail.url?authorId=56207059000
"Castel, Arnaud",58,2021,1774,30.6,2.14,36.0,7006645480,https://www.scopus.com/authid/detail.url?authorId=7006645480
"Giles-Corti, Billie",57,2021,2531,44.4,2.72,75.0,57202674730,https://www.scopus.com/authid/detail.url?authorId=57202674730
"Li, Wengui",56,2021,2238,40.0,3.25,40.0,36721486200,https://www.scopus.com/authid/detail.url?authorId=36721486200
"Duan, Wenhui",55,2021,3557,64.7,2.98,53.0,55549506900,https://www.scopus.com/authid/detail.url?authorId=55549506900
"Lingard, Helen Clare",55,2021,1181,21.5,1.55,35.0,6602095341,https://www.scopus.com/authid/detail.url?authorId=6602095341
"Ngo, Tuan",54,2021,1806,33.4,2.51,53.0,57209597335,https://www.scopus.com/authid/detail.url?authorId=57209597335
"Ostwald, Michael",53,2021,322,6.1,2.33,13.0,21743802300,https://www.scopus.com/authid/detail.url?authorId=21743802300
"Visintin, Phillip",53,2021,1398,26.4,1.74,27.0,42361814400,https://www.scopus.com/authid/detail.url?authorId=42361814400
"Zhang, Zuhua",53,2021,3507,66.2,2.78,52.0,55721679200,https://www.scopus.com/authid/detail.url?authorId=55721679200
"Gou, Zhonghua",52,2021,1484,28.5,3.14,28.0,36462588800,https://www.scopus.com/authid/detail.url?authorId=36462588800
"Zhao, Xianbo",52,2021,1777,34.2,3.46,36.0,37079980500,https://www.scopus.com/authid/detail.url?authorId=37079980500
"Martek, Igor",52,2021,962,18.5,2.21,19.0,55840681900,https://www.scopus.com/authid/detail.url?authorId=55840681900
"M.e Sepasgozar, Samad",50,2021,900,18.0,2.49,24.0,55924332100,https://www.scopus.com/authid/detail.url?authorId=55924332100
"Sheikh, M. Neaz",50,2021,1505,30.1,2.01,29.0,57221163338,https://www.scopus.com/authid/detail.url?authorId=57221163338
"Rajabifard, Abbas",49,2021,887,18.1,1.42,30.0,6603307682,https://www.scopus.com/authid/detail.url?authorId=6603307682
"Bai, Yu",48,2021,1063,22.1,2.43,44.0,55271771000,https://www.scopus.com/authid/detail.url?authorId=55271771000
"Rameezdeen, Raufdeen",48,2021,703,14.6,1.28,25.0,6504205982,https://www.scopus.com/authid/detail.url?authorId=6504205982
"Liu, Chunlu",48,2021,529,11.0,1.15,20.0,8875376900,https://www.scopus.com/authid/detail.url?authorId=8875376900
"Zhao, Xiaoling",46,2021,1981,43.1,2.53,69.0,55431252800,https://www.scopus.com/authid/detail.url?authorId=55431252800
"Al-Mahaidi, Riadh Saleh",46,2021,1263,27.5,1.28,45.0,57203074950,https://www.scopus.com/authid/detail.url?authorId=57203074950
"Samali, Bijan",46,2021,975,21.2,2.10,41.0,7003397589,https://www.scopus.com/authid/detail.url?authorId=7003397589
"Chong, Heap Yih",45,2021,994,22.1,2.02,25.0,35091031600,https://www.scopus.com/authid/detail.url?authorId=35091031600
"Akbarnezhad, Ali",45,2021,1261,28.0,2.18,25.0,36730725400,https://www.scopus.com/authid/detail.url?authorId=36730725400
"Foster, Stephen J.",44,2021,1284,29.2,1.29,35.0,56486919900,https://www.scopus.com/authid/detail.url?authorId=56486919900
"Tu, Jiyuan",44,2021,864,19.6,1.34,44.0,57202604488,https://www.scopus.com/authid/detail.url?authorId=57202604488
"Sarker, P.",43,2021,2284,53.1,3.07,32.0,6603379031,https://www.scopus.com/authid/detail.url?authorId=6603379031
"Peng, Wu",42,2021,1817,43.3,3.74,35.0,55175462200,https://www.scopus.com/authid/detail.url?authorId=55175462200
"Corcoran, Jonathan J.",41,2021,552,13.5,1.45,25.0,22933579900,https://www.scopus.com/authid/detail.url?authorId=22933579900
"Brown, Greg Gordon",41,2020,2884,70.3,3.79,49.0,55731138700,https://www.scopus.com/authid/detail.url?authorId=55731138700
"Santamouris, Mattheos",41,2021,1459,35.6,2.87,78.0,7006575535,https://www.scopus.com/authid/detail.url?authorId=7006575535
"Law, David William",40,2021,1120,28.0,1.79,27.0,49761603000,https://www.scopus.com/authid/detail.url?authorId=49761603000
"Arashpour, Mehrdad",40,2021,1722,43.1,4.00,24.0,55520813200,https://www.scopus.com/authid/detail.url?authorId=55520813200
"Ruming, Kristian James",40,2021,527,13.2,1.68,18.0,6507675948,https://www.scopus.com/authid/detail.url?authorId=6507675948
"Zhang, Guomin",39,2021,994,25.5,2.09,26.0,56170403700,https://www.scopus.com/authid/detail.url?authorId=56170403700
"Wood, Gavin A.",39,2021,377,9.7,0.93,16.0,7401951115,https://www.scopus.com/authid/detail.url?authorId=7401951115
"Gurran, Nicole",38,2021,799,21.0,2.82,21.0,16315593600,https://www.scopus.com/authid/detail.url?authorId=16315593600
"Pojani, Dorina",38,2021,565,14.9,1.36,21.0,28568070900,https://www.scopus.com/authid/detail.url?authorId=28568070900
"Manalo, Allan C.",38,2021,1052,27.7,2.03,35.0,35077204600,https://www.scopus.com/authid/detail.url?authorId=35077204600
"Wu, Yu Fei",38,2021,1044,27.5,2.22,52.0,57204035674,https://www.scopus.com/authid/detail.url?authorId=57204035674
"Elchalakani, Mohamed F.",38,2021,463,12.2,1.58,33.0,6602253561,https://www.scopus.com/authid/detail.url?authorId=6602253561
"Gibson, Chris",38,2021,734,19.3,1.90,40.0,7201824203,https://www.scopus.com/authid/detail.url?authorId=7201824203
"Ozbakkaloglu, Togay",38,2020,3165,83.3,4.24,54.0,9741842600,https://www.scopus.com/authid/detail.url?authorId=9741842600
"Newell, Graeme R.",37,2021,301,8.1,0.94,24.0,10045199100,https://www.scopus.com/authid/detail.url?authorId=10045199100
"Cobbinah, Patrick Brandful",37,2021,800,21.6,2.08,22.0,55823597600,https://www.scopus.com/authid/detail.url?authorId=55823597600
"Ong, Rachel",36,2021,369,10.3,1.10,16.0,18133832500,https://www.scopus.com/authid/detail.url?authorId=18133832500
"Badland, Hannah M.",36,2021,1248,34.7,2.50,40.0,8563324400,https://www.scopus.com/authid/detail.url?authorId=8563324400
"Salmon, Paul M.",34,2021,1173,34.5,3.33,51.0,12781670000,https://www.scopus.com/authid/detail.url?authorId=12781670000
"Ma, Zhenjun",34,2021,1590,46.8,2.14,40.0,22954433600,https://www.scopus.com/authid/detail.url?authorId=22954433600
"Wiesel, Ilan",34,2021,323,9.5,0.88,14.0,35085555100,https://www.scopus.com/authid/detail.url?authorId=35085555100
"Rogers, Dallas",34,2021,486,14.3,2.41,13.0,55245697400,https://www.scopus.com/authid/detail.url?authorId=55245697400
"Waitt, Gordon",34,2021,563,16.6,1.78,39.0,55882729600,https://www.scopus.com/authid/detail.url?authorId=55882729600
"Hammad, Ahmed WA",34,2021,470,13.8,1.96,15.0,56430620200,https://www.scopus.com/authid/detail.url?authorId=56430620200
"Waller, S. Travis",34,2021,447,13.1,1.31,35.0,56990283800,https://www.scopus.com/authid/detail.url?authorId=56990283800
"Zhang, Y. X.",34,2021,758,22.3,1.30,26.0,8715355000,https://www.scopus.com/authid/detail.url?authorId=8715355000
"Sunindijo, Riza Yosia",33,2021,518,15.7,1.42,18.0,21741351400,https://www.scopus.com/authid/detail.url?authorId=21741351400
"Sigler, Thomas J.",33,2021,494,15.0,1.61,15.0,55645748600,https://www.scopus.com/authid/detail.url?authorId=55645748600
"Pham, Thong M.",33,2021,978,29.6,2.34,29.0,57510374700,https://www.scopus.com/authid/detail.url?authorId=57510374700
"Freestone, Robert",33,2021,175,5.3,0.47,17.0,7003776355,https://www.scopus.com/authid/detail.url?authorId=7003776355
"Buys, Laurie R.",32,2021,703,22.0,1.81,27.0,14830280000,https://www.scopus.com/authid/detail.url?authorId=14830280000
"Mohammadinia, Alireza",32,2021,1098,34.3,2.15,21.0,55340881500,https://www.scopus.com/authid/detail.url?authorId=55340881500
"Horpibulsuk, S.",32,2021,1554,48.6,2.50,60.0,55923141300,https://www.scopus.com/authid/detail.url?authorId=55923141300
"Zou, Patrick X.W.",32,2020,1535,48.0,2.94,34.0,7006775603,https://www.scopus.com/authid/detail.url?authorId=7006775603
"Ma, Guowei",32,2021,1112,34.8,2.75,58.0,7202152174,https://www.scopus.com/authid/detail.url?authorId=7202152174
"Soebarto, V.",32,2021,618,19.3,2.09,21.0,7801674572,https://www.scopus.com/authid/detail.url?authorId=7801674572
"Legacy, Crystal",31,2021,456,14.7,1.89,14.0,36646267400,https://www.scopus.com/authid/detail.url?authorId=36646267400
"Lee, Chyi Lin",31,2021,430,13.9,2.00,16.0,56411159900,https://www.scopus.com/authid/detail.url?authorId=56411159900
"Kim, Jungsoo",31,2021,1734,55.9,3.21,20.0,57189969323,https://www.scopus.com/authid/detail.url?authorId=57189969323
"Zhou, Annan",31,2021,744,24.0,3.68,41.0,57205728497,https://www.scopus.com/authid/detail.url?authorId=57205728497
"Dovey, Kim",31,2021,736,23.7,2.07,24.0,6602832591,https://www.scopus.com/authid/detail.url?authorId=6602832591
"Reed, Richard G.",31,2020,254,8.2,0.63,15.0,7401921245,https://www.scopus.com/authid/detail.url?authorId=7401921245
"Byrne, Jason Antony",30,2021,3774,125.8,3.87,29.0,16300751800,https://www.scopus.com/authid/detail.url?authorId=16300751800
"Kalantari, Mohsen",30,2021,600,20.0,1.68,20.0,23481604200,https://www.scopus.com/authid/detail.url?authorId=23481604200
"Mavoa, Suzanne",30,2021,904,30.1,2.84,30.0,32167639400,https://www.scopus.com/authid/detail.url?authorId=32167639400
"Jing Yang, Rebecca",30,2021,1398,46.6,3.32,24.0,55917207400,https://www.scopus.com/authid/detail.url?authorId=55917207400
"Pawson, Hal",30,2021,332,11.1,1.60,16.0,56040129500,https://www.scopus.com/authid/detail.url?authorId=56040129500
"Phibbs, Peter J.",30,2021,512,17.1,1.94,12.0,7003460041,https://www.scopus.com/authid/detail.url?authorId=7003460041
"Wakefield, Ron",30,2021,788,26.3,2.26,21.0,7006151018,https://www.scopus.com/authid/detail.url?authorId=7006151018
"Sofi, Massoud",29,2021,464,16.0,0.80,13.0,15835788200,https://www.scopus.com/authid/detail.url?authorId=15835788200
"McManus, P.",29,2021,622,21.4,1.69,21.0,35618687600,https://www.scopus.com/authid/detail.url?authorId=35618687600
"Kamruzzaman, Md",29,2021,1332,45.9,4.58,34.0,36811326000,https://www.scopus.com/authid/detail.url?authorId=36811326000
"He, Baojie",29,2021,1645,56.7,5.55,36.0,55845317100,https://www.scopus.com/authid/detail.url?authorId=55845317100
"Mukherjee, Abhijit",29,2021,674,23.2,1.29,41.0,57222279890,https://www.scopus.com/authid/detail.url?authorId=57222279890
"Zhuge, Yan",29,2021,648,22.3,2.78,26.0,57241579900,https://www.scopus.com/authid/detail.url?authorId=57241579900
"Ronagh, Hamid",29,2021,592,20.4,1.99,32.0,6603554940,https://www.scopus.com/authid/detail.url?authorId=6603554940
"Gravina, Rebecca J.",28,2021,749,26.8,1.92,20.0,16047675200,https://www.scopus.com/authid/detail.url?authorId=16047675200
"Yu, Tao",28,2021,1073,38.3,1.76,40.0,55727825200,https://www.scopus.com/authid/detail.url?authorId=55727825200
"Liu, Yan",28,2021,532,19.0,1.71,27.0,56236258100,https://www.scopus.com/authid/detail.url?authorId=56236258100
"Foster, Sarah Alexandra",28,2021,961,34.3,2.64,31.0,57195446750,https://www.scopus.com/authid/detail.url?authorId=57195446750
"Wilkinson, Sara J.",28,2021,313,11.2,0.84,16.0,57236120000,https://www.scopus.com/authid/detail.url?authorId=57236120000
"Beer, Andrew",28,2021,720,25.7,3.89,22.0,7102778065,https://www.scopus.com/authid/detail.url?authorId=7102778065
"Guan, Hong",28,2021,474,16.9,1.99,32.0,7202612804,https://www.scopus.com/authid/detail.url?authorId=7202612804
"Langston, Craig A.",28,2021,567,20.3,1.34,23.0,8875377000,https://www.scopus.com/authid/detail.url?authorId=8875377000
"Dwyer, Tim",27,2021,722,26.7,2.71,31.0,13905632400,https://www.scopus.com/authid/detail.url?authorId=13905632400
"Walker, Derek Henry Thomas",27,2020,500,18.5,1.62,32.0,35585925400,https://www.scopus.com/authid/detail.url?authorId=35585925400
"Wang, Jun",27,2021,1277,47.3,3.06,26.0,55671780900,https://www.scopus.com/authid/detail.url?authorId=55671780900
"Perera, Srinath",27,2021,163,6.0,1.54,18.0,56308985600,https://www.scopus.com/authid/detail.url?authorId=56308985600
"Nazari, Ali H.",27,2021,1101,40.8,1.88,41.0,57208679063,https://www.scopus.com/authid/detail.url?authorId=57208679063
"Nikraz, Hamid Reza",27,2021,385,14.3,0.88,24.0,6603504669,https://www.scopus.com/authid/detail.url?authorId=6603504669
"Aye, Lu",27,2021,1010,37.4,2.22,27.0,6603952630,https://www.scopus.com/authid/detail.url?authorId=6603952630
"Pettit, Christopher James",27,2021,487,18.0,2.94,23.0,7003759636,https://www.scopus.com/authid/detail.url?authorId=7003759636
"Carmichael, David G.",27,2021,321,11.9,0.94,16.0,7102348050,https://www.scopus.com/authid/detail.url?authorId=7102348050
"Porter, Libby",26,2020,307,11.8,1.54,22.0,16686852800,https://www.scopus.com/authid/detail.url?authorId=16686852800
"Koohsari, Mohammad Javad",26,2021,855,32.9,2.60,26.0,23008947800,https://www.scopus.com/authid/detail.url?authorId=23008947800
"Jin, Xiaohua",26,2021,292,11.2,1.05,18.0,34770042400,https://www.scopus.com/authid/detail.url?authorId=34770042400
"Disfani, Mahdi Miri",26,2020,1674,64.4,2.78,29.0,37115245100,https://www.scopus.com/authid/detail.url?authorId=37115245100
"Guaralda, Mirko",26,2021,435,16.7,1.96,14.0,55377927300,https://www.scopus.com/authid/detail.url?authorId=55377927300
"Wu, Chengqing",26,2021,739,28.4,2.21,41.0,55655692100,https://www.scopus.com/authid/detail.url?authorId=55655692100
"Osei-Kyei, Robert",26,2021,275,10.6,1.34,18.0,56538672500,https://www.scopus.com/authid/detail.url?authorId=56538672500
"Li, Xiangdong",26,2020,586,22.5,1.48,21.0,57190485650,https://www.scopus.com/authid/detail.url?authorId=57190485650
"Hulse, Kath",26,2021,390,15.0,1.99,17.0,57203028562,https://www.scopus.com/authid/detail.url?authorId=57203028562
"Sugiyama, Takemi",26,2021,839,32.3,2.47,46.0,57217248023,https://www.scopus.com/authid/detail.url?authorId=57217248023
"Tonts, Matthew",26,2021,629,24.2,1.80,24.0,6602841653,https://www.scopus.com/authid/detail.url?authorId=6602841653
"Argent, Neil M.",26,2021,703,27.0,2.16,24.0,6603709019,https://www.scopus.com/authid/detail.url?authorId=6603709019
"Rowley, Steven",26,2021,206,7.9,0.99,11.0,7006249092,https://www.scopus.com/authid/detail.url?authorId=7006249092
"Klocker, Natascha",26,2021,281,10.8,1.48,18.0,8222502100,https://www.scopus.com/authid/detail.url?authorId=8222502100
"Gorman-Murray, Andrew",25,2021,491,19.6,2.43,27.0,11540571700,https://www.scopus.com/authid/detail.url?authorId=11540571700
"Tang, W. C.",25,2021,814,32.6,2.02,29.0,24802547200,https://www.scopus.com/authid/detail.url?authorId=24802547200
"Zillante, George",25,2020,539,21.6,1.64,32.0,34168518900,https://www.scopus.com/authid/detail.url?authorId=34168518900
"Chen, Wensu",25,2021,558,22.3,1.98,27.0,54880322000,https://www.scopus.com/authid/detail.url?authorId=54880322000
"Alfred Olatunji, Oluwole",25,2021,380,15.2,1.21,13.0,55260238100,https://www.scopus.com/authid/detail.url?authorId=55260238100
"Niu, Jianlei",25,2021,924,37.0,3.01,53.0,55497019700,https://www.scopus.com/authid/detail.url?authorId=55497019700
"Alizadeh, Tooran",25,2021,316,12.6,1.39,12.0,55505839700,https://www.scopus.com/authid/detail.url?authorId=55505839700
"Feng, Yingbin",25,2021,642,25.7,2.45,16.0,55936446400,https://www.scopus.com/authid/detail.url?authorId=55936446400
"Valipour, Hamid Reza",25,2021,490,19.6,1.04,27.0,6508258428,https://www.scopus.com/authid/detail.url?authorId=6508258428
"Oehlers, Deric John",25,2021,352,14.1,1.19,41.0,7005980230,https://www.scopus.com/authid/detail.url?authorId=7005980230
"Searle, Glen H.",25,2021,324,13.0,1.51,19.0,7006993406,https://www.scopus.com/authid/detail.url?authorId=7006993406
"Livesley, Stephen John",25,2021,1215,48.6,2.63,38.0,8358544400,https://www.scopus.com/authid/detail.url?authorId=8358544400
"Randolph, Bill",24,2020,388,16.2,1.49,19.0,24169444100,https://www.scopus.com/authid/detail.url?authorId=24169444100
"Taylor, Elizabeth Jean",24,2021,285,11.9,0.98,12.0,25224810400,https://www.scopus.com/authid/detail.url?authorId=25224810400
"Wang, Mark",24,2021,447,18.6,1.78,24.0,37022315900,https://www.scopus.com/authid/detail.url?authorId=37022315900
"Mohajerani, Abbas",24,2021,535,22.3,1.30,24.0,55541981700,https://www.scopus.com/authid/detail.url?authorId=55541981700
"Yang, Xu",24,2021,486,20.3,2.30,28.0,55595904300,https://www.scopus.com/authid/detail.url?authorId=55595904300
"Newman, Peter William G.",24,2021,531,22.1,1.55,28.0,57203560824,https://www.scopus.com/authid/detail.url?authorId=57203560824
"Gunasekara, Chamila",24,2021,628,26.2,2.05,15.0,57215381433,https://www.scopus.com/authid/detail.url?authorId=57215381433
"Morrison-Saunders, Angus N. N.",24,2021,797,33.2,2.55,34.0,6602449775,https://www.scopus.com/authid/detail.url?authorId=6602449775
"Davis, Peter Rex",24,2021,370,15.4,1.89,22.0,7403510499,https://www.scopus.com/authid/detail.url?authorId=7403510499
"March, Alan P.",23,2020,236,10.3,0.72,13.0,23098519000,https://www.scopus.com/authid/detail.url?authorId=23098519000
"Horne, Ralph E.",23,2021,346,15.0,1.25,20.0,23985169500,https://www.scopus.com/authid/detail.url?authorId=23985169500
"Easthope, Hazel",23,2021,268,11.7,1.20,13.0,25224820500,https://www.scopus.com/authid/detail.url?authorId=25224820500
"Steele, Wendy Elizabeth",23,2021,363,15.8,1.85,13.0,36992575200,https://www.scopus.com/authid/detail.url?authorId=36992575200
"Kazmi, Syed Minhaj Saleem",23,2021,649,28.2,3.14,23.0,55990396300,https://www.scopus.com/authid/detail.url?authorId=55990396300
"Rajagopalan, Priyadarsini",23,2021,271,11.8,0.96,17.0,57204151280,https://www.scopus.com/authid/detail.url?authorId=57204151280
"Ali, M. S.Mohamed",23,2021,850,37.0,2.20,26.0,6507866175,https://www.scopus.com/authid/detail.url?authorId=6507866175
"Handmer, John W.",23,2021,370,16.1,1.48,32.0,7003462665,https://www.scopus.com/authid/detail.url?authorId=7003462665
"Li, Chunqing Quing",23,2019,460,20.0,1.31,33.0,8042007200,https://www.scopus.com/authid/detail.url?authorId=8042007200
"Stone, Wendy",22,2021,129,5.9,1.36,8.0,14067850100,https://www.scopus.com/authid/detail.url?authorId=14067850100
"Candido, C.",22,2021,1291,58.7,3.61,20.0,26667557100,https://www.scopus.com/authid/detail.url?authorId=26667557100
"Thambiratnam, David P.",22,2021,177,8.0,1.06,37.0,35583914600,https://www.scopus.com/authid/detail.url?authorId=35583914600
"Martinus, Kirsten",22,2021,373,17.0,1.97,12.0,36504808800,https://www.scopus.com/authid/detail.url?authorId=36504808800
"Sankaran, Shankar",22,2021,618,28.1,2.57,21.0,36763528100,https://www.scopus.com/authid/detail.url?authorId=36763528100
"Zhang, Lihai",22,2021,312,14.2,1.79,26.0,37039013000,https://www.scopus.com/authid/detail.url?authorId=37039013000
"Parkinson, Sharon",22,2021,235,10.7,1.67,10.0,55636879900,https://www.scopus.com/authid/detail.url?authorId=55636879900
"Munir, Muhammad Junaid",22,2021,646,29.4,3.27,22.0,55991506900,https://www.scopus.com/authid/detail.url?authorId=55991506900
"Sipe, Neil G.",22,2021,241,11.0,0.93,21.0,56300353400,https://www.scopus.com/authid/detail.url?authorId=56300353400
"Turrell, Gavin",22,2021,444,20.2,1.85,51.0,7003493242,https://www.scopus.com/authid/detail.url?authorId=7003493242
"Dollery, Brian Edward",22,2021,205,9.3,1.26,28.0,7004066607,https://www.scopus.com/authid/detail.url?authorId=7004066607
"McGuirk, Pauline M.",22,2021,515,23.4,2.54,28.0,7004200352,https://www.scopus.com/authid/detail.url?authorId=7004200352
"Gad, E. F.",22,2021,205,9.3,1.10,27.0,7004345753,https://www.scopus.com/authid/detail.url?authorId=7004345753
"Duffield, Colin Fraser",22,2021,298,13.5,1.00,18.0,7006447544,https://www.scopus.com/authid/detail.url?authorId=7006447544
"Dowling, Robyn",22,2021,522,23.7,2.55,29.0,7102921193,https://www.scopus.com/authid/detail.url?authorId=7102921193
"Qiu, Xiaojun",22,2020,169,7.7,0.77,24.0,7402545343,https://www.scopus.com/authid/detail.url?authorId=7402545343
"Karrech, Ali",21,2021,296,14.1,1.69,27.0,14054087300,https://www.scopus.com/authid/detail.url?authorId=14054087300
"Howitt, Richard",21,2020,514,24.5,2.01,24.0,16312065600,https://www.scopus.com/authid/detail.url?authorId=16312065600
"Bissell, David",21,2021,462,22.0,4.43,25.0,24490722400,https://www.scopus.com/authid/detail.url?authorId=24490722400
"Nasirzadeh, Farnad",21,2021,217,10.3,1.56,14.0,24537351500,https://www.scopus.com/authid/detail.url?authorId=24537351500
"Senaratne, Sepani",21,2021,162,7.7,0.87,14.0,25926051600,https://www.scopus.com/authid/detail.url?authorId=25926051600
"Parsell, Cameron",21,2020,373,17.8,1.62,19.0,41862272900,https://www.scopus.com/authid/detail.url?authorId=41862272900
"Moore, Trivess",21,2021,194,9.2,0.95,11.0,55259776600,https://www.scopus.com/authid/detail.url?authorId=55259776600
"San Nicolas, Rackel",21,2021,2423,115.4,3.66,23.0,55673215400,https://www.scopus.com/authid/detail.url?authorId=55673215400
"Gu, Ning",21,2021,208,9.9,1.09,15.0,55733322600,https://www.scopus.com/authid/detail.url?authorId=55733322600
"Connell, John",21,2021,299,14.2,1.25,36.0,56227359000,https://www.scopus.com/authid/detail.url?authorId=56227359000
"Bennett, Rohan M.",21,2021,229,10.9,1.65,20.0,56268184900,https://www.scopus.com/authid/detail.url?authorId=56268184900
"Chen, Zhengdong",21,2021,333,15.9,1.66,26.0,56322939600,https://www.scopus.com/authid/detail.url?authorId=56322939600
"Oswald, David Christopher",21,2021,249,11.9,1.81,12.0,56421836600,https://www.scopus.com/authid/detail.url?authorId=56421836600
"Collins, Frank G.",21,2021,2314,110.2,2.91,30.0,56468741100,https://www.scopus.com/authid/detail.url?authorId=56468741100
"Wang, Hao",21,2021,1871,89.1,2.97,64.0,56820338700,https://www.scopus.com/authid/detail.url?authorId=56820338700
"Sing, Michael C.P.",21,2021,400,19.0,1.10,20.0,57189855171,https://www.scopus.com/authid/detail.url?authorId=57189855171
"Liu, Edgar",21,2021,129,6.1,0.83,8.0,57224457257,https://www.scopus.com/authid/detail.url?authorId=57224457257
"Dekker, Sidney W.A.",21,2021,400,19.0,1.49,32.0,7004055480,https://www.scopus.com/authid/detail.url?authorId=7004055480
"Ashraf, Mahmud",21,2021,357,17.0,1.59,22.0,7201371795,https://www.scopus.com/authid/detail.url?authorId=7201371795
"Morrison, Gregory M.",21,2021,208,9.9,1.06,34.0,7201786202,https://www.scopus.com/authid/detail.url?authorId=7201786202
"Matthews, Jane",21,2021,721,34.3,2.11,17.0,7402836944,https://www.scopus.com/authid/detail.url?authorId=7402836944
"Gajendran, Thayaparan",20,2021,265,13.3,1.71,14.0,14826277900,https://www.scopus.com/authid/detail.url?authorId=14826277900
"Cabrera, Densil",20,2021,148,7.4,1.16,14.0,18036534200,https://www.scopus.com/authid/detail.url?authorId=18036534200
"Shooshtarian, Salman",20,2021,304,15.2,1.58,12.0,36603540800,https://www.scopus.com/authid/detail.url?authorId=36603540800
"Baker, Emma",20,2021,406,20.3,1.95,18.0,36899827700,https://www.scopus.com/authid/detail.url?authorId=36899827700
"Giustozzi, Filippo",20,2021,310,15.5,1.29,20.0,37107517700,https://www.scopus.com/authid/detail.url?authorId=37107517700
"Hooper, Paula L.",20,2021,511,25.6,2.23,21.0,43762009000,https://www.scopus.com/authid/detail.url?authorId=43762009000
"Baji, Hassan",20,2021,167,8.4,0.60,12.0,54419457300,https://www.scopus.com/authid/detail.url?authorId=54419457300
"Martin, Chris",20,2021,225,11.3,2.59,10.0,55483464800,https://www.scopus.com/authid/detail.url?authorId=55483464800
"Bolleter, Julian Alexander",20,2021,58,2.9,0.40,6.0,56372140000,https://www.scopus.com/authid/detail.url?authorId=56372140000
"Troy, Laurence",20,2021,178,8.9,1.62,8.0,56396805400,https://www.scopus.com/authid/detail.url?authorId=56396805400
"Feng, Xiaoqi",20,2021,215,10.8,1.77,27.0,57211144740,https://www.scopus.com/authid/detail.url?authorId=57211144740
"Dimovski, Bill",20,2020,84,4.2,0.46,10.0,6507815285,https://www.scopus.com/authid/detail.url?authorId=6507815285
"Morawska, Lidia",20,2021,901,45.1,5.34,96.0,7004773965,https://www.scopus.com/authid/detail.url?authorId=7004773965
"Veitch, Jenny",20,2021,399,20.0,2.42,31.0,7006534920,https://www.scopus.com/authid/detail.url?authorId=7006534920
"Le, Khoa",20,2021,224,11.2,0.94,21.0,7102134112,https://www.scopus.com/authid/detail.url?authorId=7102134112
"Kwok, Kenny",20,2021,606,30.3,2.11,38.0,7102194358,https://www.scopus.com/authid/detail.url?authorId=7102194358
"Tao, Zhong",20,2021,894,44.7,2.41,49.0,7201884465,https://www.scopus.com/authid/detail.url?authorId=7201884465
"Heywood, Christopher Andrew",20,2021,113,5.7,0.54,8.0,8453234200,https://www.scopus.com/authid/detail.url?authorId=8453234200
"Wong, Peter S.P.",20,2021,241,12.1,0.96,19.0,8843485600,https://www.scopus.com/authid/detail.url?authorId=8843485600
"Bentley, Rebecca J.",19,2021,416,21.9,2.02,30.0,13808093200,https://www.scopus.com/authid/detail.url?authorId=13808093200
"Maraseni, Tek Narayan",19,2021,278,14.6,1.71,31.0,15126996400,https://www.scopus.com/authid/detail.url?authorId=15126996400
"Doh, Jeung Hwan",19,2021,297,15.6,1.13,13.0,16023908400,https://www.scopus.com/authid/detail.url?authorId=16023908400
"Frieman, Catherine J.",19,2021,68,3.6,0.87,9.0,16645356600,https://www.scopus.com/authid/detail.url?authorId=16645356600
"Wright, Sarah L.",19,2021,757,39.8,3.84,18.0,18435555100,https://www.scopus.com/authid/detail.url?authorId=18435555100
"Obeng-Odoom, Franklin",19,2018,299,15.7,1.25,23.0,25628353400,https://www.scopus.com/authid/detail.url?authorId=25628353400
"Hyde, Richard A.",19,2021,92,4.8,1.07,8.0,26423636400,https://www.scopus.com/authid/detail.url?authorId=26423636400
"Xie, Tianyu",19,2021,764,40.2,2.89,20.0,35180714300,https://www.scopus.com/authid/detail.url?authorId=35180714300
"Baldwin, Claudia",19,2021,225,11.8,1.07,17.0,36090700500,https://www.scopus.com/authid/detail.url?authorId=36090700500
"Turner, Michelle",19,2021,260,13.7,0.76,15.0,36166001000,https://www.scopus.com/authid/detail.url?authorId=36166001000
"Gholampour, Aliakbar",19,2021,659,34.7,3.14,25.0,36197880900,https://www.scopus.com/authid/detail.url?authorId=36197880900
"Astell–burt, Thomas",19,2021,210,11.1,1.80,34.0,36924540400,https://www.scopus.com/authid/detail.url?authorId=36924540400
"Han, Sunsheng",19,2021,369,19.4,1.47,23.0,55236180800,https://www.scopus.com/authid/detail.url?authorId=55236180800
"Cooper, Paul",19,2021,1161,61.1,2.53,30.0,55603540500,https://www.scopus.com/authid/detail.url?authorId=55603540500
"White, Greg William",19,2021,154,8.1,0.67,11.0,55909685600,https://www.scopus.com/authid/detail.url?authorId=55909685600
"Shirowzhan, Sara",19,2021,329,17.3,2.35,18.0,55923557900,https://www.scopus.com/authid/detail.url?authorId=55923557900
"Edwards, Peter J.",19,2021,468,24.6,1.31,19.0,57071733400,https://www.scopus.com/authid/detail.url?authorId=57071733400
"Maalsen, Sophia",19,2021,310,16.3,3.38,14.0,57193780226,https://www.scopus.com/authid/detail.url?authorId=57193780226
"Tiwari, Piyush",19,2021,89,4.7,0.87,12.0,57203106324,https://www.scopus.com/authid/detail.url?authorId=57203106324
"Whitty, Stephen Jonathan",19,2021,332,17.5,1.38,13.0,57208699565,https://www.scopus.com/authid/detail.url?authorId=57208699565
"van Deventer, Jannie S.J.",19,2017,3063,161.2,4.63,85.0,6506059530,https://www.scopus.com/authid/detail.url?authorId=6506059530
"Blismas, Nick G.",19,2021,466,24.5,1.45,22.0,6508231170,https://www.scopus.com/authid/detail.url?authorId=6508231170
"Dhanasekar, Manicka",19,2020,434,22.8,1.38,29.0,6701648291,https://www.scopus.com/authid/detail.url?authorId=6701648291
"Pritchard, Bill",19,2021,397,20.9,1.65,20.0,7004019002,https://www.scopus.com/authid/detail.url?authorId=7004019002
"Head, Lesley",19,2020,515,27.1,2.54,35.0,7006298113,https://www.scopus.com/authid/detail.url?authorId=7006298113
"Owen, Neville",19,2021,694,36.5,2.65,111.0,7102307209,https://www.scopus.com/authid/detail.url?authorId=7102307209
"Curtis, Carey",19,2021,306,16.1,1.50,20.0,7202261574,https://www.scopus.com/authid/detail.url?authorId=7202261574
"Mateo-Babiano, Iderlina",19,2020,285,15.0,1.03,12.0,8891526500,https://www.scopus.com/authid/detail.url?authorId=8891526500
"Aibinu, Ajibade Ayodeji",18,2021,430,23.9,2.09,16.0,12344585500,https://www.scopus.com/authid/detail.url?authorId=12344585500
"Khalfan, Malik",18,2021,583,32.4,1.99,20.0,12752727300,https://www.scopus.com/authid/detail.url?authorId=12752727300
"Forsythe, Perry John",18,2021,217,12.1,1.02,14.0,14013564400,https://www.scopus.com/authid/detail.url?authorId=14013564400
"Whitzman, Carolyn C.",18,2020,220,12.2,0.81,14.0,23398940600,https://www.scopus.com/authid/detail.url?authorId=23398940600
"Iveson, Kurt",18,2021,687,38.2,2.59,18.0,26534544200,https://www.scopus.com/authid/detail.url?authorId=26534544200
"Fielding, Kelly S.",18,2021,515,28.6,2.07,40.0,35610939600,https://www.scopus.com/authid/detail.url?authorId=35610939600
"Li, Hong Xian",18,2021,201,11.2,1.52,16.0,36701739500,https://www.scopus.com/authid/detail.url?authorId=36701739500
"Hon, Carol K.H.",18,2021,237,13.2,1.33,18.0,36891019500,https://www.scopus.com/authid/detail.url?authorId=36891019500
"Warren-Myers, Georgia",18,2021,221,12.3,1.30,11.0,54986422500,https://www.scopus.com/authid/detail.url?authorId=54986422500
"Rajeev, P.",18,2021,466,25.9,2.73,23.0,55352710700,https://www.scopus.com/authid/detail.url?authorId=55352710700
"Chang, Ruidong",18,2021,260,14.4,1.63,20.0,55359185100,https://www.scopus.com/authid/detail.url?authorId=55359185100
"Kim, Taehwan",18,2021,228,12.7,1.71,16.0,55700729300,https://www.scopus.com/authid/detail.url?authorId=55700729300
"Cigdem, Melek",18,2021,112,6.2,0.61,7.0,55860542700,https://www.scopus.com/authid/detail.url?authorId=55860542700
"Williams, Kathryn J.H.",18,2021,831,46.2,2.27,24.0,56691900200,https://www.scopus.com/authid/detail.url?authorId=56691900200
"Sun, Junbo",18,2021,490,27.2,4.84,18.0,57202887091,https://www.scopus.com/authid/detail.url?authorId=57202887091
"Zhang, Rita Peihua",18,2021,225,12.5,1.73,13.0,57209802899,https://www.scopus.com/authid/detail.url?authorId=57209802899
"Li, Jie",18,2021,392,21.8,2.66,30.0,57221704142,https://www.scopus.com/authid/detail.url?authorId=57221704142
"Newnam, Sharon",18,2021,191,10.6,1.64,17.0,6507760593,https://www.scopus.com/authid/detail.url?authorId=6507760593
"Wadley, David Alastair",18,2021,108,6.0,1.90,13.0,6701420370,https://www.scopus.com/authid/detail.url?authorId=6701420370
"Mahendran, Mahen",18,2021,218,12.1,0.97,34.0,7005392074,https://www.scopus.com/authid/detail.url?authorId=7005392074
"Davy, John Laurence",18,2020,202,11.2,1.02,13.0,7101674593,https://www.scopus.com/authid/detail.url?authorId=7101674593
"Griffith, Michael C.",18,2021,580,32.2,6.24,32.0,7102075337,https://www.scopus.com/authid/detail.url?authorId=7102075337
"Pickering, Catherine",18,2020,1311,72.8,2.44,40.0,7102584068,https://www.scopus.com/authid/detail.url?authorId=7102584068
"Prasad, Deo",18,2021,711,39.5,4.67,19.0,7103271693,https://www.scopus.com/authid/detail.url?authorId=7103271693
"Robinson, Guy Martin",18,2021,241,13.4,1.17,22.0,7402255058,https://www.scopus.com/authid/detail.url?authorId=7402255058
"Mills, Julie Evelyn",18,2021,931,51.7,3.37,28.0,7402862494,https://www.scopus.com/authid/detail.url?authorId=7402862494
"Li, Jianchun",18,2021,383,21.3,1.36,32.0,7410077355,https://www.scopus.com/authid/detail.url?authorId=7410077355
"Cheshire, Lynda Anne",18,2021,281,15.6,1.59,20.0,8584186500,https://www.scopus.com/authid/detail.url?authorId=8584186500
"Brady, Sean P.",17,2015,19,1.1,0.14,3.0,12445369900,https://www.scopus.com/authid/detail.url?authorId=12445369900
"Miller, Fiona P.",17,2021,126,7.4,1.15,13.0,12767571300,https://www.scopus.com/authid/detail.url?authorId=12767571300
"Mills, Anthony John",17,2020,304,17.9,1.08,12.0,14831774900,https://www.scopus.com/authid/detail.url?authorId=14831774900
"Milligan, Vivienne",17,2019,199,11.7,1.11,11.0,15062972200,https://www.scopus.com/authid/detail.url?authorId=15062972200
"Stevens, Quentin",17,2021,138,8.1,0.90,15.0,15765957800,https://www.scopus.com/authid/detail.url?authorId=15765957800
"Suchet-Pearson, Sandie",17,2021,776,45.6,4.24,21.0,16314392500,https://www.scopus.com/authid/detail.url?authorId=16314392500
"Tucker, Richard",17,2021,199,11.7,1.08,10.0,21234473000,https://www.scopus.com/authid/detail.url?authorId=21234473000
"Bosman, Caryl",17,2021,130,7.6,0.66,10.0,23097372400,https://www.scopus.com/authid/detail.url?authorId=23097372400
"Kendal, Dave",17,2020,739,43.5,2.89,25.0,23995346200,https://www.scopus.com/authid/detail.url?authorId=23995346200
"Darchen, Sébastien",17,2020,153,9.0,0.74,9.0,24280583800,https://www.scopus.com/authid/detail.url?authorId=24280583800
"Roetzel, Astrid",17,2021,316,18.6,1.91,12.0,35316379500,https://www.scopus.com/authid/detail.url?authorId=35316379500
"Davidson, Kathryn",17,2021,232,13.6,1.62,17.0,36008251400,https://www.scopus.com/authid/detail.url?authorId=36008251400
"Youssf, Osama",17,2021,872,51.3,3.36,19.0,36919569700,https://www.scopus.com/authid/detail.url?authorId=36919569700
"Davison, Gethin Thomas",17,2020,146,8.6,0.71,8.0,39161348500,https://www.scopus.com/authid/detail.url?authorId=39161348500
"Pan, Zhu",17,2018,1636,96.2,2.87,22.0,55175200300,https://www.scopus.com/authid/detail.url?authorId=55175200300
"Jefferies, Marcus C.",17,2021,226,13.3,1.96,13.0,55218562900,https://www.scopus.com/authid/detail.url?authorId=55218562900
"Wilson, John L.",17,2021,575,33.8,1.86,29.0,55574189010,https://www.scopus.com/authid/detail.url?authorId=55574189010
"Hou, Lei",17,2021,880,51.8,3.56,17.0,55729885900,https://www.scopus.com/authid/detail.url?authorId=55729885900
"Dias-da-Costa, D.",17,2021,206,12.1,1.12,24.0,55932515200,https://www.scopus.com/authid/detail.url?authorId=55932515200
"Hu, Xin",17,2021,172,10.1,1.18,11.0,56469989300,https://www.scopus.com/authid/detail.url?authorId=56469989300
"Ahmed, Iftekhar",17,2021,180,10.6,0.41,10.0,57190251325,https://www.scopus.com/authid/detail.url?authorId=57190251325
"Wood, Lisa J.",17,2020,1002,58.9,3.31,31.0,57203046855,https://www.scopus.com/authid/detail.url?authorId=57203046855
"Phelps, Nicholas A.",17,2021,134,7.9,1.92,32.0,57203076068,https://www.scopus.com/authid/detail.url?authorId=57203076068
"Mojtahedi, Mohammad",17,2021,206,12.1,2.27,18.0,57211244906,https://www.scopus.com/authid/detail.url?authorId=57211244906
"Nejadi, Shami",17,2021,414,24.4,1.60,19.0,6506472470,https://www.scopus.com/authid/detail.url?authorId=6506472470
"Patnaikuni, Indubhushan",17,2021,759,44.6,2.77,20.0,6507339983,https://www.scopus.com/authid/detail.url?authorId=6507339983
"Bardsley, Douglas K.",17,2021,273,16.1,1.49,18.0,6603978000,https://www.scopus.com/authid/detail.url?authorId=6603978000
"Hassan, R.",17,2021,118,6.9,0.46,10.0,7102127912,https://www.scopus.com/authid/detail.url?authorId=7102127912
"Jacobs, Keith",17,2020,261,15.4,1.54,19.0,7202908017,https://www.scopus.com/authid/detail.url?authorId=7202908017
"Gilbert, Raymond Ian",17,2021,356,20.9,1.09,24.0,7401932259,https://www.scopus.com/authid/detail.url?authorId=7401932259
"Crawford, Robert H.",17,2020,692,40.7,2.96,31.0,7402584406,https://www.scopus.com/authid/detail.url?authorId=7402584406
"Stewart, Rodney Anthony",17,2021,332,19.5,1.74,46.0,7402716998,https://www.scopus.com/authid/detail.url?authorId=7402716998
"Moore, Gregory M.",17,2021,127,7.5,0.40,11.0,7403283507,https://www.scopus.com/authid/detail.url?authorId=7403283507
"Smith, Scott T.",17,2018,458,26.9,1.19,34.0,8751691000,https://www.scopus.com/authid/detail.url?authorId=8751691000
"Pradhan, Biswajeet K.",16,2021,148,9.3,1.34,97.0,12753037900,https://www.scopus.com/authid/detail.url?authorId=12753037900
"Brewer, Graham John",16,2020,269,16.8,1.83,14.0,14826559900,https://www.scopus.com/authid/detail.url?authorId=14826559900
"Heidarpour, Amin",16,2021,423,26.4,1.77,26.0,23481778900,https://www.scopus.com/authid/detail.url?authorId=23481778900
"Swapan, Mohammad Shahidul Hasan",16,2021,131,8.2,0.69,9.0,36681771800,https://www.scopus.com/authid/detail.url?authorId=36681771800
"Lin, Brenda B.",16,2021,486,30.4,3.40,27.0,36729191600,https://www.scopus.com/authid/detail.url?authorId=36729191600
"Miller, Wendy",16,2021,203,12.7,1.13,13.0,37056087400,https://www.scopus.com/authid/detail.url?authorId=37056087400
"Ahn, Seungjun",16,2021,268,16.8,2.06,12.0,55276780900,https://www.scopus.com/authid/detail.url?authorId=55276780900
"Robert, Dilan J.",16,2021,136,8.5,0.80,14.0,55848941400,https://www.scopus.com/authid/detail.url?authorId=55848941400
"Cushing, Debra Flanders",16,2021,107,6.7,0.71,6.0,55884939100,https://www.scopus.com/authid/detail.url?authorId=55884939100
"Van Den Nouwelant, Ryan",16,2021,141,8.8,1.76,8.0,56040087800,https://www.scopus.com/authid/detail.url?authorId=56040087800
"Nguyen, Kate T.Q.",16,2021,277,17.3,2.20,16.0,56095129700,https://www.scopus.com/authid/detail.url?authorId=56095129700
"Dodson, Jago",16,2021,173,10.8,1.22,15.0,56235056700,https://www.scopus.com/authid/detail.url?authorId=56235056700
"Moon, Sungkon",16,2021,323,20.2,2.35,13.0,56336217100,https://www.scopus.com/authid/detail.url?authorId=56336217100
"Yan, Yihuan",16,2020,355,22.2,1.56,14.0,56500990900,https://www.scopus.com/authid/detail.url?authorId=56500990900
"Flanagan, Kathleen",16,2021,104,6.5,1.42,7.0,56694170300,https://www.scopus.com/authid/detail.url?authorId=56694170300
"Saha, Ashish Kumer",16,2021,483,30.2,2.50,15.0,57190165283,https://www.scopus.com/authid/detail.url?authorId=57190165283
"Amin, Ali",16,2021,279,17.4,1.21,13.0,57191439266,https://www.scopus.com/authid/detail.url?authorId=57191439266
"Davison, Aidan",16,2021,445,27.8,2.69,21.0,57197118433,https://www.scopus.com/authid/detail.url?authorId=57197118433
"Zhang, Fan",16,2021,318,19.9,2.05,13.0,57202351731,https://www.scopus.com/authid/detail.url?authorId=57202351731
"Khan, Mohammad S.",16,2021,478,29.9,1.74,14.0,57216281188,https://www.scopus.com/authid/detail.url?authorId=57216281188
"Liu, Henry",16,2021,352,22.0,1.46,15.0,57314283300,https://www.scopus.com/authid/detail.url?authorId=57314283300
"Garcia-Hansen, Veronica R.",16,2021,344,21.5,1.88,12.0,6506376990,https://www.scopus.com/authid/detail.url?authorId=6506376990
"Minnery, John R.",16,2020,156,9.8,0.63,12.0,6602351680,https://www.scopus.com/authid/detail.url?authorId=6602351680
"Kayali, Obada",16,2017,823,51.4,3.43,25.0,6603788637,https://www.scopus.com/authid/detail.url?authorId=6603788637
"Provis, John Lloyd",16,2014,3042,190.1,5.41,87.0,7004740665,https://www.scopus.com/authid/detail.url?authorId=7004740665
"Marriott, Kim",16,2021,531,33.2,2.78,33.0,7005317835,https://www.scopus.com/authid/detail.url?authorId=7005317835
"Raven, R. P.J.M.",16,2021,857,53.6,7.05,44.0,7006534473,https://www.scopus.com/authid/detail.url?authorId=7006534473
"Newton, Peter W.",16,2021,399,24.9,1.80,18.0,7103312941,https://www.scopus.com/authid/detail.url?authorId=7103312941
"Griffin, Mark A.",16,2020,410,25.6,2.72,37.0,7403310336,https://www.scopus.com/authid/detail.url?authorId=7403310336
"Baker, Douglas C.",16,2021,154,9.6,0.79,18.0,7404138757,https://www.scopus.com/authid/detail.url?authorId=7404138757
"Rae, Andrew John",16,2021,212,13.3,1.69,12.0,8387719400,https://www.scopus.com/authid/detail.url?authorId=8387719400
"Ciancio, Daniela",15,2018,551,36.7,1.64,14.0,13003903400,https://www.scopus.com/authid/detail.url?authorId=13003903400
"Cerin, Ester",15,2021,469,31.3,3.00,71.0,14522064200,https://www.scopus.com/authid/detail.url?authorId=14522064200
"Maqsood, Tayyab",15,2021,609,40.6,2.16,13.0,15751244600,https://www.scopus.com/authid/detail.url?authorId=15751244600
"Kumar Doloi, Hemanta",15,2021,908,60.5,2.22,21.0,22937452200,https://www.scopus.com/authid/detail.url?authorId=22937452200
"Kokogiannakis, Georgios",15,2021,412,27.5,1.74,23.0,23019359400,https://www.scopus.com/authid/detail.url?authorId=23019359400
"Sharafi, Pezhman",15,2021,335,22.3,3.70,20.0,23973581300,https://www.scopus.com/authid/detail.url?authorId=23973581300
"Rashidi, Taha",15,2021,238,15.9,2.83,21.0,24076709600,https://www.scopus.com/authid/detail.url?authorId=24076709600
"Ke, Yongjian",15,2021,325,21.7,1.88,20.0,26021857400,https://www.scopus.com/authid/detail.url?authorId=26021857400
"Chih, Yingyi",15,2020,353,23.5,1.66,12.0,26530844100,https://www.scopus.com/authid/detail.url?authorId=26530844100
"Shiwakoti, Nirajan",15,2021,373,24.9,2.30,25.0,35489053500,https://www.scopus.com/authid/detail.url?authorId=35489053500
"Houston, Donna",15,2021,256,17.1,2.08,14.0,35969401000,https://www.scopus.com/authid/detail.url?authorId=35969401000
"Levin, Iris",15,2021,107,7.1,1.10,7.0,36100256500,https://www.scopus.com/authid/detail.url?authorId=36100256500
"van der Heijden, Jeroen",15,2020,203,13.5,2.10,19.0,42462522500,https://www.scopus.com/authid/detail.url?authorId=42462522500
"Goode, Natassia",15,2021,304,20.3,1.63,20.0,54391049900,https://www.scopus.com/authid/detail.url?authorId=54391049900
"Hu, Richard",15,2021,113,7.5,0.61,9.0,55195490500,https://www.scopus.com/authid/detail.url?authorId=55195490500
"Matthews, Tony",15,2021,383,25.5,1.52,9.0,55445022100,https://www.scopus.com/authid/detail.url?authorId=55445022100
"Nethercote, Megan",15,2021,146,9.7,1.38,7.0,55636924700,https://www.scopus.com/authid/detail.url?authorId=55636924700
"Mohseni, Ehsan",15,2020,539,35.9,3.21,19.0,55668282100,https://www.scopus.com/authid/detail.url?authorId=55668282100
"Daniel, Lyrian",15,2021,189,12.6,2.43,11.0,55907170900,https://www.scopus.com/authid/detail.url?authorId=55907170900
"James, Amity",15,2021,90,6.0,1.64,8.0,56129373400,https://www.scopus.com/authid/detail.url?authorId=56129373400
"Hassanli, Reza",15,2021,541,36.1,2.78,15.0,56743319900,https://www.scopus.com/authid/detail.url?authorId=56743319900
"Sandanayake, Malindu",15,2021,367,24.5,2.65,15.0,57189515636,https://www.scopus.com/authid/detail.url?authorId=57189515636
"Marzuki, Jufri",15,2021,91,6.1,0.99,6.0,57190858738,https://www.scopus.com/authid/detail.url?authorId=57190858738
"Bush, Judy",15,2021,217,14.5,3.03,9.0,57201793216,https://www.scopus.com/authid/detail.url?authorId=57201793216
"Smith, Jim M.",15,2019,617,41.1,2.94,27.0,57203122723,https://www.scopus.com/authid/detail.url?authorId=57203122723
"Power, Emma R.",15,2021,318,21.2,4.53,17.0,57210220077,https://www.scopus.com/authid/detail.url?authorId=57210220077
"Arthurson, Kathy D.",15,2021,168,11.2,0.65,17.0,6507357750,https://www.scopus.com/authid/detail.url?authorId=6507357750
"Lahiri-Dutt, Kuntala",15,2021,135,9.0,0.78,19.0,6603146697,https://www.scopus.com/authid/detail.url?authorId=6603146697
"Sagoe-Crentsil, Kwesi K.",15,2021,250,16.7,1.14,23.0,6603521564,https://www.scopus.com/authid/detail.url?authorId=6603521564
"Timperio, Anna",15,2021,392,26.1,2.47,66.0,6603831099,https://www.scopus.com/authid/detail.url?authorId=6603831099
"Flatau, Paul R.",15,2020,66,4.4,0.64,10.0,7003468745,https://www.scopus.com/authid/detail.url?authorId=7003468745
"McGregor, Andrew",15,2021,227,15.1,1.78,18.0,7102812152,https://www.scopus.com/authid/detail.url?authorId=7102812152
"Mohamed, Sherif",15,2021,175,11.7,0.90,30.0,7102845249,https://www.scopus.com/authid/detail.url?authorId=7102845249
"Webber, Michael J.",15,2021,343,22.9,2.44,27.0,7103355898,https://www.scopus.com/authid/detail.url?authorId=7103355898
"Kirkpatrick, Jamie Barrie",15,2019,382,25.5,1.62,28.0,7203081724,https://www.scopus.com/authid/detail.url?authorId=7203081724
"Jay Yang, Jay",15,2017,358,23.9,1.04,19.0,8571687300,https://www.scopus.com/authid/detail.url?authorId=8571687300
"Coenen, Lars",14,2021,544,38.9,5.74,36.0,10540364400,https://www.scopus.com/authid/detail.url?authorId=10540364400
"Maller, Cecily Jane",14,2021,368,26.3,2.02,20.0,12647042900,https://www.scopus.com/authid/detail.url?authorId=12647042900
"Amati, Marco",14,2021,263,18.8,1.37,17.0,13002777700,https://www.scopus.com/authid/detail.url?authorId=13002777700
"Barbhuiya, Salim Ahmed",14,2019,631,45.1,1.64,20.0,14022256100,https://www.scopus.com/authid/detail.url?authorId=14022256100
"Lloyd, Kate",14,2021,711,50.8,4.51,22.0,15757836900,https://www.scopus.com/authid/detail.url?authorId=15757836900
"Zlatanova, Sisi",14,2021,193,13.8,1.99,29.0,15830792100,https://www.scopus.com/authid/detail.url?authorId=15830792100
"Sutrisna, Monty",14,2020,197,14.1,1.46,13.0,16022965700,https://www.scopus.com/authid/detail.url?authorId=16022965700
"Inthavong, Kiao",14,2021,255,18.2,1.22,29.0,22957649100,https://www.scopus.com/authid/detail.url?authorId=22957649100
"Baroudi, Bassam",14,2021,190,13.6,1.70,8.0,23484605400,https://www.scopus.com/authid/detail.url?authorId=23484605400
"Gleeson, Brendan",14,2020,157,11.2,1.34,24.0,25026200700,https://www.scopus.com/authid/detail.url?authorId=25026200700
"Piratheepan, Jegatheesan",14,2018,749,53.5,1.97,19.0,25631068100,https://www.scopus.com/authid/detail.url?authorId=25631068100
"Acuto, Michele",14,2021,185,13.2,2.95,25.0,26021005000,https://www.scopus.com/authid/detail.url?authorId=26021005000
"Phillips, Catherine",14,2021,296,21.1,2.50,11.0,29867590400,https://www.scopus.com/authid/detail.url?authorId=29867590400
"Crews, K.",14,2021,306,21.9,0.81,18.0,36661910300,https://www.scopus.com/authid/detail.url?authorId=36661910300
"Shi, Long",14,2021,353,25.2,1.92,26.0,36985806000,https://www.scopus.com/authid/detail.url?authorId=36985806000
"Banihashemi, Saeed",14,2021,455,32.5,2.90,16.0,54790845400,https://www.scopus.com/authid/detail.url?authorId=54790845400
"Lee, Ju Hyun",14,2021,84,6.0,1.06,7.0,55312411100,https://www.scopus.com/authid/detail.url?authorId=55312411100
"Hurley, Joe",14,2021,124,8.9,1.38,8.0,55636875900,https://www.scopus.com/authid/detail.url?authorId=55636875900
"Ho, Johnny Ching Ming O.",14,2019,257,18.4,1.16,30.0,55805351400,https://www.scopus.com/authid/detail.url?authorId=55805351400
"London, Kerry Anne",14,2021,181,12.9,1.48,13.0,55900158700,https://www.scopus.com/authid/detail.url?authorId=55900158700
"Osborne, Natalie",14,2021,139,9.9,0.97,8.0,56599952900,https://www.scopus.com/authid/detail.url?authorId=56599952900
"Ramakrishnan, Sayanthan",14,2021,308,22.0,3.62,18.0,56789555400,https://www.scopus.com/authid/detail.url?authorId=56789555400
"Wang, Cynthia Changxin",14,2021,148,10.6,1.74,15.0,57194027095,https://www.scopus.com/authid/detail.url?authorId=57194027095
"Dong, Minhao",14,2021,203,14.5,1.94,11.0,57194422778,https://www.scopus.com/authid/detail.url?authorId=57194422778
"Qi, Chongchong",14,2021,642,45.9,3.67,36.0,57195242814,https://www.scopus.com/authid/detail.url?authorId=57195242814
"Dedekorkut-Howes, Aysin",14,2021,343,24.5,2.13,11.0,57214680173,https://www.scopus.com/authid/detail.url?authorId=57214680173
"Sher, William D.",14,2021,389,27.8,2.42,12.0,6602345805,https://www.scopus.com/authid/detail.url?authorId=6602345805
"Pink, Sarah",14,2020,238,17.0,2.17,39.0,7003587141,https://www.scopus.com/authid/detail.url?authorId=7003587141
"Hillier, Jean",14,2021,175,12.5,1.47,22.0,7005399857,https://www.scopus.com/authid/detail.url?authorId=7005399857
"Knuiman, Matthew William",14,2020,708,50.6,2.55,69.0,7005404334,https://www.scopus.com/authid/detail.url?authorId=7005404334
"Gibbs, Leah M.",14,2021,181,12.9,1.54,13.0,7006203113,https://www.scopus.com/authid/detail.url?authorId=7006203113
"Pullen, Stephen F.",14,2020,429,30.6,1.76,16.0,7006240836,https://www.scopus.com/authid/detail.url?authorId=7006240836
"Reynolds, Margaret",14,2021,111,7.9,1.35,8.0,7202326828,https://www.scopus.com/authid/detail.url?authorId=7202326828
"Forrest, James",14,2021,175,12.5,1.70,27.0,7202841736,https://www.scopus.com/authid/detail.url?authorId=7202841736
"Pan, Jie",14,2019,198,14.1,1.34,37.0,7404099018,https://www.scopus.com/authid/detail.url?authorId=7404099018
"Zwikael, Ofer",13,2021,536,41.2,4.30,22.0,13007048400,https://www.scopus.com/authid/detail.url?authorId=13007048400
"Farbotko, Carol",13,2021,190,14.6,1.63,18.0,14017584600,https://www.scopus.com/authid/detail.url?authorId=14017584600
"Beilin, Ruth I.",13,2021,378,29.1,3.05,18.0,16038676500,https://www.scopus.com/authid/detail.url?authorId=16038676500
"Villanueva, Karen P.",13,2018,680,52.3,3.04,22.0,20436839800,https://www.scopus.com/authid/detail.url?authorId=20436839800
"Haynes, Katharine",13,2020,402,30.9,1.91,23.0,23024848600,https://www.scopus.com/authid/detail.url?authorId=23024848600
"McNamara, Karen E.",13,2021,252,19.4,2.06,28.0,23493114000,https://www.scopus.com/authid/detail.url?authorId=23493114000
"Holdsworth, Sarah",13,2021,86,6.6,0.75,11.0,24075804700,https://www.scopus.com/authid/detail.url?authorId=24075804700
"Duarte Alonso, Abel",13,2019,95,7.3,0.43,22.0,24922853000,https://www.scopus.com/authid/detail.url?authorId=24922853000
"Hajimohammadi, Ailar",13,2021,437,33.6,3.07,21.0,25927917700,https://www.scopus.com/authid/detail.url?authorId=25927917700
"Lucke, Terry",13,2017,397,30.5,1.11,19.0,26534790900,https://www.scopus.com/authid/detail.url?authorId=26534790900
"Mirzababaei, Mehdi",13,2021,329,25.3,2.00,20.0,35076385800,https://www.scopus.com/authid/detail.url?authorId=35076385800
"Higgins, David M.",13,2017,70,5.4,0.74,7.0,35077149200,https://www.scopus.com/authid/detail.url?authorId=35077149200
"Gilbert, Benoit P.",13,2021,124,9.5,0.78,17.0,35179225700,https://www.scopus.com/authid/detail.url?authorId=35179225700
"Alam, Morshed",13,2021,442,34.0,2.03,18.0,35344469200,https://www.scopus.com/authid/detail.url?authorId=35344469200
"Clark, Gordon L.",13,2018,146,11.2,0.99,29.0,35606454600,https://www.scopus.com/authid/detail.url?authorId=35606454600
"Rose, Timothy Michael",13,2020,407,31.3,2.78,15.0,35728998400,https://www.scopus.com/authid/detail.url?authorId=35728998400
"Rashidi, Maria",13,2021,153,11.8,4.54,12.0,36350170200,https://www.scopus.com/authid/detail.url?authorId=36350170200
"Nematollahi, Behzad",13,2021,779,59.9,5.19,25.0,36490393800,https://www.scopus.com/authid/detail.url?authorId=36490393800
"Siew, Renard Yung Jhien R.",13,2020,163,12.5,0.60,8.0,36543035800,https://www.scopus.com/authid/detail.url?authorId=36543035800
"Goodman, Robin",13,2021,92,7.1,0.59,11.0,36784787100,https://www.scopus.com/authid/detail.url?authorId=36784787100
"Parsons, Miles J.G.",13,2017,144,11.1,0.79,16.0,36937982200,https://www.scopus.com/authid/detail.url?authorId=36937982200
"Phillips, Rhonda",13,2019,80,6.2,0.89,8.0,37014687000,https://www.scopus.com/authid/detail.url?authorId=37014687000
"Payne, Alice",13,2021,63,4.8,1.70,7.0,51061558300,https://www.scopus.com/authid/detail.url?authorId=51061558300
"Wrigley, Cara",13,2021,154,11.8,1.87,15.0,55178317200,https://www.scopus.com/authid/detail.url?authorId=55178317200
"Rachele, Jerome N.",13,2021,123,9.5,1.30,12.0,55358310500,https://www.scopus.com/authid/detail.url?authorId=55358310500
"Yu, Rongrong",13,2021,92,7.1,1.51,7.0,55430670400,https://www.scopus.com/authid/detail.url?authorId=55430670400
"Irga, Peter J.",13,2021,323,24.8,1.78,18.0,55503091300,https://www.scopus.com/authid/detail.url?authorId=55503091300
"Hasan, Abid",13,2021,154,11.8,1.75,8.0,55626991900,https://www.scopus.com/authid/detail.url?authorId=55626991900
"Dressler, Wolfram H.",13,2021,215,16.5,2.70,27.0,56072132200,https://www.scopus.com/authid/detail.url?authorId=56072132200
"Ferdous, Wahid",13,2021,470,36.2,3.44,27.0,56165937900,https://www.scopus.com/authid/detail.url?authorId=56165937900
"Warren, Clive M.J.",13,2019,72,5.5,0.50,9.0,56375131600,https://www.scopus.com/authid/detail.url?authorId=56375131600
"Van Der Hoorn, Bronte",13,2021,145,11.2,1.09,8.0,56401915300,https://www.scopus.com/authid/detail.url?authorId=56401915300
"Pasupathy, Kirubajiny",13,2021,348,26.8,4.09,11.0,57190854438,https://www.scopus.com/authid/detail.url?authorId=57190854438
"Newaz, Mohammad Tanvi",13,2021,165,12.7,2.18,8.0,57191074153,https://www.scopus.com/authid/detail.url?authorId=57191074153
"Illankoon, Chethana",13,2021,168,12.9,1.14,11.0,57192313787,https://www.scopus.com/authid/detail.url?authorId=57192313787
"Raynor, Katrina Eve",13,2021,82,6.3,1.31,7.0,57193745948,https://www.scopus.com/authid/detail.url?authorId=57193745948
"Hui, Felix Kin Peng",13,2021,211,16.2,1.54,10.0,57194243608,https://www.scopus.com/authid/detail.url?authorId=57194243608
"Morris, Alan",13,2021,126,9.7,1.26,15.0,57196263023,https://www.scopus.com/authid/detail.url?authorId=57196263023
"Drogemuller, Robin M.",13,2021,286,22.0,2.22,14.0,6506052432,https://www.scopus.com/authid/detail.url?authorId=6506052432
"Torpy, Fraser R.",13,2021,331,25.5,1.84,25.0,6508284707,https://www.scopus.com/authid/detail.url?authorId=6508284707
"Biswas, Wahidul Karim",13,2021,251,19.3,1.57,22.0,6602349968,https://www.scopus.com/authid/detail.url?authorId=6602349968
"Khennane, Amar",13,2021,409,31.5,1.43,19.0,6602364961,https://www.scopus.com/authid/detail.url?authorId=6602364961
"Mulley, Corinne",13,2020,510,39.2,2.13,30.0,6603085894,https://www.scopus.com/authid/detail.url?authorId=6603085894
"Tapper, Nigel J.",13,2021,370,28.5,2.57,39.0,6701744876,https://www.scopus.com/authid/detail.url?authorId=6701744876
"Bridge, Adrian J.",13,2018,289,22.2,1.23,13.0,7003807958,https://www.scopus.com/authid/detail.url?authorId=7003807958
"Rolfe, John",13,2020,131,10.1,0.77,29.0,7004428803,https://www.scopus.com/authid/detail.url?authorId=7004428803
"Clegg, Stewart",13,2020,349,26.8,2.40,44.0,7101683003,https://www.scopus.com/authid/detail.url?authorId=7101683003
"Barnett, Jon",13,2021,440,33.8,2.97,37.0,7201380392,https://www.scopus.com/authid/detail.url?authorId=7201380392
"Pope, Jenny",13,2021,630,48.5,3.34,21.0,7202649497,https://www.scopus.com/authid/detail.url?authorId=7202649497
"Chan, Tommy H.T.",13,2021,135,10.4,0.75,39.0,7402687570,https://www.scopus.com/authid/detail.url?authorId=7402687570
"Killen, Catherine P.",13,2021,445,34.2,2.55,16.0,8365607700,https://www.scopus.com/authid/detail.url?authorId=8365607700
"Rossini, Peter",13,2021,41,3.2,0.38,8.0,8594198200,https://www.scopus.com/authid/detail.url?authorId=8594198200
"Wang, Xu",12,2021,80,6.7,0.51,24.0,11042535700,https://www.scopus.com/authid/detail.url?authorId=11042535700
"Everingham, Jo Anne",12,2020,157,13.1,1.01,14.0,12762470800,https://www.scopus.com/authid/detail.url?authorId=12762470800
"Drozdzewski, D.",12,2018,189,15.8,1.60,15.0,12774815900,https://www.scopus.com/authid/detail.url?authorId=12774815900
"Allan, Andrew",12,2021,137,11.4,0.87,11.0,14065913400,https://www.scopus.com/authid/detail.url?authorId=14065913400
"Whittaker, Joshua",12,2021,183,15.3,1.50,18.0,16641204700,https://www.scopus.com/authid/detail.url?authorId=16641204700
"Naderpajouh, Nader",12,2021,107,8.9,1.08,12.0,24069063700,https://www.scopus.com/authid/detail.url?authorId=24069063700
"Tan, Yongtao",12,2021,139,11.6,1.66,28.0,24173519000,https://www.scopus.com/authid/detail.url?authorId=24173519000
"Charles-Edwards, Elin",12,2021,64,5.3,0.51,12.0,24329278600,https://www.scopus.com/authid/detail.url?authorId=24329278600
"Grodach, Carl",12,2021,295,24.6,2.40,19.0,24460722400,https://www.scopus.com/authid/detail.url?authorId=24460722400
"Warren, Andrew",12,2021,150,12.5,1.28,14.0,24773973000,https://www.scopus.com/authid/detail.url?authorId=24773973000
"Bernal, Susan A.",12,2014,2410,200.8,5.93,53.0,25621436100,https://www.scopus.com/authid/detail.url?authorId=25621436100
"Aravinthan, Thiru",12,2021,390,32.5,2.03,27.0,25637257700,https://www.scopus.com/authid/detail.url?authorId=25637257700
"Pinnegar, Simon",12,2021,155,12.9,1.41,11.0,26028073300,https://www.scopus.com/authid/detail.url?authorId=26028073300
"Sahin, Oz",12,2021,173,14.4,1.61,24.0,35749183900,https://www.scopus.com/authid/detail.url?authorId=35749183900
"Vimonsatit, Vanissorn",12,2021,121,10.1,0.72,13.0,6505764697,https://www.scopus.com/authid/detail.url?authorId=6505764697
"Belusko, Martin",12,2018,495,41.3,2.06,32.0,6506014654,https://www.scopus.com/authid/detail.url?authorId=6506014654
"Imteaz, Monzur Alam",12,2021,269,22.4,1.40,29.0,6506146119,https://www.scopus.com/authid/detail.url?authorId=6506146119
"Molesworth, Brett RC.",12,2020,190,15.8,1.25,13.0,6506721324,https://www.scopus.com/authid/detail.url?authorId=6506721324
"Habibis, Daphne",12,2021,82,6.8,1.02,9.0,6507388185,https://www.scopus.com/authid/detail.url?authorId=6507388185
"Koppel, Sjaan",12,2021,65,5.4,0.79,22.0,6602280124,https://www.scopus.com/authid/detail.url?authorId=6602280124
"Pathegama Gamage, Ranjith",12,2021,149,12.4,1.05,70.0,6602607278,https://www.scopus.com/authid/detail.url?authorId=6602607278
"Herbohn, John L.",12,2021,295,24.6,2.42,24.0,6603005931,https://www.scopus.com/authid/detail.url?authorId=6603005931
"Sarvi, Majid",12,2021,308,25.7,2.49,38.0,6603291145,https://www.scopus.com/authid/detail.url?authorId=6603291145
"Stratford, Elaine",12,2021,70,5.8,0.97,17.0,6701489362,https://www.scopus.com/authid/detail.url?authorId=6701489362
"Marinova, Dora",12,2020,144,12.0,1.22,24.0,6701561637,https://www.scopus.com/authid/detail.url?authorId=6701561637
"Karunasena, Warna M.",12,2020,192,16.0,0.88,27.0,6701793150,https://www.scopus.com/authid/detail.url?authorId=6701793150
"Mcevoy, Darryn",12,2021,1100,91.7,6.87,18.0,7003602195,https://www.scopus.com/authid/detail.url?authorId=7003602195
"Dong, Andy",12,2017,268,22.3,4.44,25.0,7006551272,https://www.scopus.com/authid/detail.url?authorId=7006551272
"Lam, Nelson",12,2021,81,6.8,0.74,27.0,7101750717,https://www.scopus.com/authid/detail.url?authorId=7101750717
"Ball, Kylie",12,2021,214,17.8,1.90,74.0,7101771723,https://www.scopus.com/authid/detail.url?authorId=7101771723
"Williamson, Terence",12,2021,203,16.9,2.29,15.0,7102228431,https://www.scopus.com/authid/detail.url?authorId=7102228431
"Gilbert, Catherine",12,2021,53,4.4,1.18,4.0,7201382636,https://www.scopus.com/authid/detail.url?authorId=7201382636
"Wilson, Clevo",12,2021,169,14.1,1.51,28.0,7404894763,https://www.scopus.com/authid/detail.url?authorId=7404894763
"Boruff, Bryan J.",12,2021,291,24.3,1.68,24.0,7801342852,https://www.scopus.com/authid/detail.url?authorId=7801342852
"Kupke, Valerie",12,2016,42,3.5,0.40,6.0,8836744800,https://www.scopus.com/authid/detail.url?authorId=8836744800
"Vella, Karen J.",12,2021,187,15.6,3.07,12.0,9743483700,https://www.scopus.com/authid/detail.url?authorId=9743483700

"© 2022 Elsevier B.V. All rights reserved. SciVal, RELX Group and the RE symbol are trade marks of RELX Intellectual Properties SA, used under license."
